{
  "schema_version": 1,
  "recorded_at": "2026-06-21T12:43:08Z",
  "source": {
    "workflow_run_id": 27904621910,
    "head_sha": "b19ac84b9affb4c9dba4a9f8219adcba6f1fafab",
    "runs_per_profile": 3,
    "lighthouse_version": "12.6.1",
    "chrome_user_agent": "Mozilla/5.0 (X11; Linux x86_64) AppleWebKit/537.36 (KHTML, like Gecko) HeadlessChrome/149.0.0.0 Safari/537.36"
  },
  "mobile": {
    "performance": 1,
    "lcp": 1746.0334500000004,
    "tbt": 5,
    "cls": 0.001001076659093564,
    "fcp": 1145.6312749999997,
    "speed_index": 1145.6312749999997,
    "total_js_bytes": 21021,
    "hero_file_bytes": 79620,
    "hero_transfer_bytes": 79974,
    "hero_request_duration": 7182.999999989988
  },
  "desktop": {
    "performance": 1,
    "lcp": 459.98599999999993,
    "tbt": 0,
    "cls": 0,
    "fcp": 396.662,
    "speed_index": 514.322302666667,
    "total_js_bytes": 21021,
    "hero_file_bytes": 79620,
    "hero_transfer_bytes": 79974,
    "hero_request_duration": 6413.999999997031
  }
}
